{
  "fio version" : "fio-3.12",
  "timestamp" : 1602884692,
  "timestamp_ms" : 1602884692763,
  "time" : "Fri Oct 16 21:44:52 2020",
  "global options" : {
    "filename" : "fio_data",
    "time_based" : "1",
    "ioengine" : "libaio",
    "direct" : "1",
    "directory" : "/datadrive"
  },
  "jobs" : [
    {
      "jobname" : "small_blocks_write",
      "groupid" : 0,
      "error" : 0,
      "eta" : 0,
      "elapsed" : 11,
      "job options" : {
        "name" : "small_blocks_write",
        "filesize" : "4G",
        "bs" : "8k",
        "runtime" : "10",
        "rw" : "write",
        "iodepth" : "8",
        "filename" : "small_blocks_write_data"
      },
      "read" : {
        "io_bytes" : 0,
        "io_kbytes" : 0,
        "bw_bytes" : 0,
        "bw" : 0,
        "iops" : 0.000000,
        "runtime" : 0,
        "total_ios" : 0,
        "short_ios" : 0,
        "drop_ios" : 0,
        "slat_ns" : {
          "min" : 0,
          "max" : 0,
          "mean" : 0.000000,
          "stddev" : 0.000000
        },
        "clat_ns" : {
          "min" : 0,
          "max" : 0,
          "mean" : 0.000000,
          "stddev" : 0.000000,
          "percentile" : {
            "1.000000" : 0,
            "5.000000" : 0,
            "10.000000" : 0,
            "20.000000" : 0,
            "30.000000" : 0,
            "40.000000" : 0,
            "50.000000" : 0,
            "60.000000" : 0,
            "70.000000" : 0,
            "80.000000" : 0,
            "90.000000" : 0,
            "95.000000" : 0,
            "99.000000" : 0,
            "99.500000" : 0,
            "99.900000" : 0,
            "99.950000" : 0,
            "99.990000" : 0
          },
          "bins" : {

          }
        },
        "lat_ns" : {
          "min" : 0,
          "max" : 0,
          "mean" : 0.000000,
          "stddev" : 0.000000
        },
        "bw_min" : 0,
        "bw_max" : 0,
        "bw_agg" : 0.000000,
        "bw_mean" : 0.000000,
        "bw_dev" : 0.000000,
        "bw_samples" : 0,
        "iops_min" : 0,
        "iops_max" : 0,
        "iops_mean" : 0.000000,
        "iops_stddev" : 0.000000,
        "iops_samples" : 0
      },
      "write" : {
        "io_bytes" : 331341824,
        "io_kbytes" : 323576,
        "bw_bytes" : 33120934,
        "bw" : 32344,
        "iops" : 4043.082767,
        "runtime" : 10004,
        "total_ios" : 40447,
        "short_ios" : 0,
        "drop_ios" : 0,
        "slat_ns" : {
          "min" : 2600,
          "max" : 5468300,
          "mean" : 10654.995426,
          "stddev" : 37230.050151
        },
        "clat_ns" : {
          "min" : 866600,
          "max" : 14159900,
          "mean" : 1966050.389398,
          "stddev" : 967653.473577,
          "percentile" : {
            "1.000000" : 1253376,
            "5.000000" : 1302528,
            "10.000000" : 1351680,
            "20.000000" : 1417216,
            "30.000000" : 1466368,
            "40.000000" : 1531904,
            "50.000000" : 1597440,
            "60.000000" : 1695744,
            "70.000000" : 1843200,
            "80.000000" : 2211840,
            "90.000000" : 3227648,
            "95.000000" : 4292608,
            "99.000000" : 5603328,
            "99.500000" : 5996544,
            "99.900000" : 7962624,
            "99.950000" : 8978432,
            "99.990000" : 11468800
          },
          "bins" : {
            "864256" : 1,
            "1155072" : 2,
            "1171456" : 19,
            "1187840" : 26,
            "1204224" : 74,
            "1220608" : 87,
            "1236992" : 183,
            "1253376" : 275,
            "1269760" : 363,
            "1286144" : 464,
            "1302528" : 591,
            "1318912" : 761,
            "1335296" : 802,
            "1351680" : 969,
            "1368064" : 1028,
            "1384448" : 1049,
            "1400832" : 1145,
            "1417216" : 1158,
            "1433600" : 1139,
            "1449984" : 1167,
            "1466368" : 1179,
            "1482752" : 1124,
            "1499136" : 1104,
            "1515520" : 1088,
            "1531904" : 1050,
            "1548288" : 1025,
            "1564672" : 944,
            "1581056" : 872,
            "1597440" : 868,
            "1613824" : 794,
            "1630208" : 777,
            "1646592" : 677,
            "1662976" : 660,
            "1679360" : 596,
            "1695744" : 594,
            "1712128" : 538,
            "1728512" : 492,
            "1744896" : 479,
            "1761280" : 474,
            "1777664" : 384,
            "1794048" : 358,
            "1810432" : 370,
            "1826816" : 320,
            "1843200" : 281,
            "1859584" : 314,
            "1875968" : 319,
            "1892352" : 258,
            "1908736" : 239,
            "1925120" : 246,
            "1941504" : 230,
            "1957888" : 205,
            "1974272" : 192,
            "1990656" : 198,
            "2007040" : 174,
            "2023424" : 191,
            "2039808" : 166,
            "2056192" : 167,
            "2072576" : 160,
            "2088960" : 133,
            "2113536" : 268,
            "2146304" : 258,
            "2179072" : 264,
            "2211840" : 225,
            "2244608" : 203,
            "2277376" : 193,
            "2310144" : 205,
            "2342912" : 150,
            "2375680" : 156,
            "2408448" : 171,
            "2441216" : 169,
            "2473984" : 129,
            "2506752" : 171,
            "2539520" : 151,
            "2572288" : 121,
            "2605056" : 121,
            "2637824" : 127,
            "2670592" : 140,
            "2703360" : 128,
            "2736128" : 118,
            "2768896" : 106,
            "2801664" : 98,
            "2834432" : 115,
            "2867200" : 105,
            "2899968" : 101,
            "2932736" : 107,
            "2965504" : 102,
            "2998272" : 95,
            "3031040" : 91,
            "3063808" : 84,
            "3096576" : 90,
            "3129344" : 95,
            "3162112" : 97,
            "3194880" : 95,
            "3227648" : 92,
            "3260416" : 91,
            "3293184" : 104,
            "3325952" : 78,
            "3358720" : 90,
            "3391488" : 98,
            "3424256" : 88,
            "3457024" : 97,
            "3489792" : 84,
            "3522560" : 89,
            "3555328" : 83,
            "3588096" : 70,
            "3620864" : 63,
            "3653632" : 56,
            "3686400" : 59,
            "3719168" : 59,
            "3751936" : 45,
            "3784704" : 53,
            "3817472" : 43,
            "3850240" : 39,
            "3883008" : 49,
            "3915776" : 50,
            "3948544" : 27,
            "3981312" : 44,
            "4014080" : 34,
            "4046848" : 45,
            "4079616" : 44,
            "4112384" : 44,
            "4145152" : 28,
            "4177920" : 39,
            "4227072" : 84,
            "4292608" : 93,
            "4358144" : 88,
            "4423680" : 94,
            "4489216" : 85,
            "4554752" : 105,
            "4620288" : 91,
            "4685824" : 80,
            "4751360" : 75,
            "4816896" : 78,
            "4882432" : 79,
            "4947968" : 88,
            "5013504" : 97,
            "5079040" : 84,
            "5144576" : 103,
            "5210112" : 80,
            "5275648" : 71,
            "5341184" : 73,
            "5406720" : 62,
            "5472256" : 77,
            "5537792" : 58,
            "5603328" : 42,
            "5668864" : 46,
            "5734400" : 45,
            "5799936" : 31,
            "5865472" : 22,
            "5931008" : 26,
            "5996544" : 14,
            "6062080" : 15,
            "6127616" : 23,
            "6193152" : 12,
            "6258688" : 10,
            "6324224" : 8,
            "6389760" : 7,
            "6455296" : 6,
            "6520832" : 4,
            "6586368" : 2,
            "6651904" : 9,