{
  "fio version" : "fio-3.12",
  "timestamp" : 1601936718,
  "timestamp_ms" : 1601936718063,
  "time" : "Mon Oct  5 22:25:18 2020",
  "global options" : {
    "time_based" : "1",
    "ioengine" : "libaio",
    "direct" : "1",
    "directory" : "/mnt/resource"
  },
  "jobs" : [
    {
      "jobname" : "small_blocks_write",
      "groupid" : 0,
      "error" : 0,
      "eta" : 0,
      "elapsed" : 11,
      "job options" : {
        "name" : "small_blocks_write",
        "filesize" : "1G",
        "bs" : "8k",
        "runtime" : "10",
        "rw" : "write",
        "iodepth" : "8",
        "filename" : "small_blocks_write_data"
      },
      "read" : {
        "io_bytes" : 0,
        "io_kbytes" : 0,
        "bw_bytes" : 0,
        "bw" : 0,
        "iops" : 0.000000,
        "runtime" : 0,
        "total_ios" : 0,
        "short_ios" : 0,
        "drop_ios" : 0,
        "slat_ns" : {
          "min" : 0,
          "max" : 0,
          "mean" : 0.000000,
          "stddev" : 0.000000
        },
        "clat_ns" : {
          "min" : 0,
          "max" : 0,
          "mean" : 0.000000,
          "stddev" : 0.000000,
          "percentile" : {
            "1.000000" : 0,
            "5.000000" : 0,
            "10.000000" : 0,
            "20.000000" : 0,
            "30.000000" : 0,
            "40.000000" : 0,
            "50.000000" : 0,
            "60.000000" : 0,
            "70.000000" : 0,
            "80.000000" : 0,
            "90.000000" : 0,
            "95.000000" : 0,
            "99.000000" : 0,
            "99.500000" : 0,
            "99.900000" : 0,
            "99.950000" : 0,
            "99.990000" : 0
          },
          "bins" : {

          }
        },
        "lat_ns" : {
          "min" : 0,
          "max" : 0,
          "mean" : 0.000000,
          "stddev" : 0.000000
        },
        "bw_min" : 0,
        "bw_max" : 0,
        "bw_agg" : 0.000000,
        "bw_mean" : 0.000000,
        "bw_dev" : 0.000000,
        "bw_samples" : 0,
        "iops_min" : 0,
        "iops_max" : 0,
        "iops_mean" : 0.000000,
        "iops_stddev" : 0.000000,
        "iops_samples" : 0
      },
      "write" : {
        "io_bytes" : 335953920,
        "io_kbytes" : 328080,
        "bw_bytes" : 33498247,
        "bw" : 32713,
        "iops" : 4089.141490,
        "runtime" : 10029,
        "total_ios" : 41010,
        "short_ios" : 0,
        "drop_ios" : 0,
        "slat_ns" : {
          "min" : 3500,
          "max" : 2571500,
          "mean" : 7991.909290,
          "stddev" : 15753.099265
        },
        "clat_ns" : {
          "min" : 54100,
          "max" : 61761500,
          "mean" : 1944153.184589,
          "stddev" : 8681195.352996,
          "percentile" : {
            "1.000000" : 77312,
            "5.000000" : 93696,
            "10.000000" : 107008,
            "20.000000" : 127488,
            "30.000000" : 144384,
            "40.000000" : 162816,
            "50.000000" : 183296,
            "60.000000" : 205824,
            "70.000000" : 236544,
            "80.000000" : 284672,
            "90.000000" : 382976,
            "95.000000" : 593920,
            "99.000000" : 42729472,
            "99.500000" : 56885248,
            "99.900000" : 57933824,
            "99.950000" : 58458112,
            "99.990000" : 58458112
          },
          "bins" : {
            "54016" : 1,
            "57088" : 1,
            "57600" : 2,
            "58112" : 1,
            "59648" : 2,
            "60672" : 3,
            "61184" : 4,
            "61696" : 3,
            "62208" : 1,
            "63232" : 2,
            "64256" : 3,
            "64768" : 5,
            "65280" : 5,
            "66048" : 19,
            "67072" : 16,
            "68096" : 28,
            "69120" : 22,
            "70144" : 12,
            "71168" : 31,
            "72192" : 35,
            "73216" : 59,
            "74240" : 48,
            "75264" : 56,
            "76288" : 42,
            "77312" : 67,
            "78336" : 65,
            "79360" : 68,
            "80384" : 87,
            "81408" : 83,
            "82432" : 83,
            "83456" : 80,
            "84480" : 89,
            "85504" : 102,
            "86528" : 107,
            "87552" : 100,
            "88576" : 102,
            "89600" : 124,
            "90624" : 122,
            "91648" : 129,
            "92672" : 122,
            "93696" : 153,
            "94720" : 135,
            "95744" : 128,
            "96768" : 150,
            "97792" : 172,
            "98816" : 153,
            "99840" : 142,
            "100864" : 163,
            "101888" : 148,
            "102912" : 185,
            "103936" : 180,
            "104960" : 159,
            "105984" : 157,
            "107008" : 161,
            "108032" : 176,
            "109056" : 202,
            "110080" : 201,
            "111104" : 206,
            "112128" : 208,
            "113152" : 175,
            "114176" : 186,
            "115200" : 181,
            "116224" : 199,
            "117248" : 200,
            "118272" : 208,
            "119296" : 238,
            "120320" : 199,
            "121344" : 232,
            "122368" : 227,
            "123392" : 223,
            "124416" : 236,
            "125440" : 239,
            "126464" : 227,
            "127488" : 223,
            "128512" : 262,
            "129536" : 222,
            "130560" : 234,
            "132096" : 484,
            "134144" : 461,
            "136192" : 508,
            "138240" : 469,
            "140288" : 504,
            "142336" : 444,
            "144384" : 491,
            "146432" : 454,
            "148480" : 484,
            "150528" : 494,
            "152576" : 426,
            "154624" : 459,
            "156672" : 473,
            "158720" : 431,
            "160768" : 458,
            "162816" : 509,
            "164864" : 452,
            "166912" : 451,
            "168960" : 402,
            "171008" : 438,
            "173056" : 402,
            "175104" : 419,
            "177152" : 432,
            "179200" : 423,
            "181248" : 406,
            "183296" : 408,
            "185344" : 355,
            "187392" : 418,
            "189440" : 398,
            "191488" : 387,
            "193536" : 372,
            "195584" : 340,
            "197632" : 330,
            "199680" : 362,
            "201728" : 340,
            "203776" : 345,
            "205824" : 320,
            "207872" : 308,
            "209920" : 311,
            "211968" : 269,
            "214016" : 301,
            "216064" : 313,
            "218112" : 253,
            "220160" : 271,
            "222208" : 251,
            "224256" : 261,
            "226304" : 265,
            "228352" : 235,
            "230400" : 241,
            "232448" : 249,
            "234496" : 238,
            "236544" : 217,
            "238592" : 219,
            "240640" : 204,
            "242688" : 238,
            "244736" : 199,
            "246784" : 198,
            "248832" : 174,
            "250880" : 182,
            "252928" : 179,
            "254976" : 192,
            "257024" : 172,
            "259072" : 153,
            "261120" : 185,
            "264192" : 356,
            "268288" : 304,
            "272384" : 308,
            "276480" : 271,
            "280576" : 268,
            "284672" : 276,
            "288768" : 258,
            "292864" : 234,
            "296960" : 251,
            "301056" : 212,
            "305152" : 237,
            "309248" : 259,
            "313344" : 218,
            "317440" : 203,
            "321536" : 192,
            "325632" : 176,
            "329728" : 170,
            "333824" : 216,
            "337920" : 190,
            "342016" : 160,
            "346112" : 140,
            "350208" : 159,
            "354304" : 139,
            "358400" : 119,
            "362496" : 122,
            "366592" : 129,
            "370688" : 92,
            "374784" : 113,