{
  "fio version" : "fio-3.12",
  "timestamp" : 1601943646,
  "timestamp_ms" : 1601943646310,
  "time" : "Tue Oct  6 00:20:46 2020",
  "global options" : {
    "time_based" : "1",
    "ioengine" : "libaio",
    "direct" : "1",
    "directory" : "/mnt/resource"
  },
  "jobs" : [
    {
      "jobname" : "small_blocks_write",
      "groupid" : 0,
      "error" : 0,
      "eta" : 0,
      "elapsed" : 11,
      "job options" : {
        "name" : "small_blocks_write",
        "filesize" : "1G",
        "bs" : "8k",
        "runtime" : "10",
        "rw" : "write",
        "iodepth" : "8",
        "filename" : "small_blocks_write_data"
      },
      "read" : {
        "io_bytes" : 0,
        "io_kbytes" : 0,
        "bw_bytes" : 0,
        "bw" : 0,
        "iops" : 0.000000,
        "runtime" : 0,
        "total_ios" : 0,
        "short_ios" : 0,
        "drop_ios" : 0,
        "slat_ns" : {
          "min" : 0,
          "max" : 0,
          "mean" : 0.000000,
          "stddev" : 0.000000
        },
        "clat_ns" : {
          "min" : 0,
          "max" : 0,
          "mean" : 0.000000,
          "stddev" : 0.000000,
          "percentile" : {
            "1.000000" : 0,
            "5.000000" : 0,
            "10.000000" : 0,
            "20.000000" : 0,
            "30.000000" : 0,
            "40.000000" : 0,
            "50.000000" : 0,
            "60.000000" : 0,
            "70.000000" : 0,
            "80.000000" : 0,
            "90.000000" : 0,
            "95.000000" : 0,
            "99.000000" : 0,
            "99.500000" : 0,
            "99.900000" : 0,
            "99.950000" : 0,
            "99.990000" : 0
          },
          "bins" : {

          }
        },
        "lat_ns" : {
          "min" : 0,
          "max" : 0,
          "mean" : 0.000000,
          "stddev" : 0.000000
        },
        "bw_min" : 0,
        "bw_max" : 0,
        "bw_agg" : 0.000000,
        "bw_mean" : 0.000000,
        "bw_dev" : 0.000000,
        "bw_samples" : 0,
        "iops_min" : 0,
        "iops_max" : 0,
        "iops_mean" : 0.000000,
        "iops_stddev" : 0.000000,
        "iops_samples" : 0
      },
      "write" : {
        "io_bytes" : 335953920,
        "io_kbytes" : 328080,
        "bw_bytes" : 33571891,
        "bw" : 32785,
        "iops" : 4098.131308,
        "runtime" : 10007,
        "total_ios" : 41010,
        "short_ios" : 0,
        "drop_ios" : 0,
        "slat_ns" : {
          "min" : 3300,
          "max" : 2138100,
          "mean" : 7877.476225,
          "stddev" : 13863.329429
        },
        "clat_ns" : {
          "min" : 42200,
          "max" : 59888100,
          "mean" : 1939986.025360,
          "stddev" : 8688334.331895,
          "percentile" : {
            "1.000000" : 76288,
            "5.000000" : 93696,
            "10.000000" : 107008,
            "20.000000" : 126464,
            "30.000000" : 144384,
            "40.000000" : 160768,
            "50.000000" : 181248,
            "60.000000" : 203776,
            "70.000000" : 234496,
            "80.000000" : 284672,
            "90.000000" : 370688,
            "95.000000" : 585728,
            "99.000000" : 42729472,
            "99.500000" : 56885248,
            "99.900000" : 57933824,
            "99.950000" : 58458112,
            "99.990000" : 59506688
          },
          "bins" : {
            "42240" : 1,
            "43264" : 1,
            "50432" : 1,
            "56064" : 1,
            "57088" : 3,
            "57600" : 5,
            "59136" : 3,
            "59648" : 4,
            "60160" : 4,
            "60672" : 5,
            "61184" : 1,
            "61696" : 3,
            "62208" : 4,
            "62720" : 2,
            "63232" : 7,
            "63744" : 4,
            "64256" : 4,
            "64768" : 8,
            "65280" : 5,
            "66048" : 19,
            "67072" : 19,
            "68096" : 22,
            "69120" : 29,
            "70144" : 32,
            "71168" : 41,
            "72192" : 42,
            "73216" : 44,
            "74240" : 40,
            "75264" : 41,
            "76288" : 51,
            "77312" : 62,
            "78336" : 59,
            "79360" : 65,
            "80384" : 65,
            "81408" : 81,
            "82432" : 74,
            "83456" : 80,
            "84480" : 86,
            "85504" : 101,
            "86528" : 109,
            "87552" : 113,
            "88576" : 123,
            "89600" : 124,
            "90624" : 100,
            "91648" : 124,
            "92672" : 115,
            "93696" : 149,
            "94720" : 122,
            "95744" : 127,
            "96768" : 162,
            "97792" : 165,
            "98816" : 146,
            "99840" : 156,
            "100864" : 140,
            "101888" : 173,
            "102912" : 194,
            "103936" : 176,
            "104960" : 209,
            "105984" : 181,
            "107008" : 234,
            "108032" : 224,
            "109056" : 200,
            "110080" : 199,
            "111104" : 219,
            "112128" : 189,
            "113152" : 207,
            "114176" : 221,
            "115200" : 235,
            "116224" : 202,
            "117248" : 186,
            "118272" : 199,
            "119296" : 251,
            "120320" : 216,
            "121344" : 214,
            "122368" : 223,
            "123392" : 252,
            "124416" : 214,
            "125440" : 210,
            "126464" : 224,
            "127488" : 243,
            "128512" : 279,
            "129536" : 228,
            "130560" : 234,
            "132096" : 501,
            "134144" : 434,
            "136192" : 505,
            "138240" : 510,
            "140288" : 486,
            "142336" : 469,
            "144384" : 494,
            "146432" : 456,
            "148480" : 574,
            "150528" : 427,
            "152576" : 470,
            "154624" : 510,
            "156672" : 459,
            "158720" : 480,
            "160768" : 409,
            "162816" : 424,
            "164864" : 463,
            "166912" : 501,
            "168960" : 415,
            "171008" : 414,
            "173056" : 439,
            "175104" : 430,
            "177152" : 431,
            "179200" : 396,
            "181248" : 361,
            "183296" : 391,
            "185344" : 389,
            "187392" : 400,
            "189440" : 357,
            "191488" : 380,
            "193536" : 359,
            "195584" : 370,
            "197632" : 322,
            "199680" : 364,
            "201728" : 333,
            "203776" : 303,
            "205824" : 304,
            "207872" : 306,
            "209920" : 310,
            "211968" : 262,
            "214016" : 279,
            "216064" : 262,
            "218112" : 255,
            "220160" : 251,
            "222208" : 329,
            "224256" : 250,
            "226304" : 244,
            "228352" : 235,
            "230400" : 237,
            "232448" : 216,
            "234496" : 229,
            "236544" : 219,
            "238592" : 225,
            "240640" : 206,
            "242688" : 180,
            "244736" : 202,
            "246784" : 224,
            "248832" : 168,
            "250880" : 169,
            "252928" : 181,
            "254976" : 190,
            "257024" : 166,
            "259072" : 151,
            "261120" : 167,
            "264192" : 341,
            "268288" : 310,
            "272384" : 309,
            "276480" : 289,
            "280576" : 313,
            "284672" : 313,
            "288768" : 294,
            "292864" : 261,
            "296960" : 264,
            "301056" : 228,
            "305152" : 251,
            "309248" : 223,
            "313344" : 224,
            "317440" : 175,
            "321536" : 199,
            "325632" : 215,
            "329728" : 157,
            "333824" : 172,
            "337920" : 162,
            "342016" : 172,
            "346112" : 153,
            "350208" : 139,