{
  "fio version" : "fio-3.12",
  "timestamp" : 1601947213,
  "timestamp_ms" : 1601947213887,
  "time" : "Tue Oct  6 01:20:13 2020",
  "global options" : {
    "time_based" : "1",
    "ioengine" : "libaio",
    "direct" : "1",
    "directory" : "/mnt/resource"
  },
  "jobs" : [
    {
      "jobname" : "small_blocks_write",
      "groupid" : 0,
      "error" : 0,
      "eta" : 0,
      "elapsed" : 11,
      "job options" : {
        "name" : "small_blocks_write",
        "filesize" : "4G",
        "bs" : "8k",
        "runtime" : "10",
        "rw" : "write",
        "iodepth" : "8",
        "filename" : "small_blocks_write_data"
      },
      "read" : {
        "io_bytes" : 0,
        "io_kbytes" : 0,
        "bw_bytes" : 0,
        "bw" : 0,
        "iops" : 0.000000,
        "runtime" : 0,
        "total_ios" : 0,
        "short_ios" : 0,
        "drop_ios" : 0,
        "slat_ns" : {
          "min" : 0,
          "max" : 0,
          "mean" : 0.000000,
          "stddev" : 0.000000
        },
        "clat_ns" : {
          "min" : 0,
          "max" : 0,
          "mean" : 0.000000,
          "stddev" : 0.000000,
          "percentile" : {
            "1.000000" : 0,
            "5.000000" : 0,
            "10.000000" : 0,
            "20.000000" : 0,
            "30.000000" : 0,
            "40.000000" : 0,
            "50.000000" : 0,
            "60.000000" : 0,
            "70.000000" : 0,
            "80.000000" : 0,
            "90.000000" : 0,
            "95.000000" : 0,
            "99.000000" : 0,
            "99.500000" : 0,
            "99.900000" : 0,
            "99.950000" : 0,
            "99.990000" : 0
          },
          "bins" : {

          }
        },
        "lat_ns" : {
          "min" : 0,
          "max" : 0,
          "mean" : 0.000000,
          "stddev" : 0.000000
        },
        "bw_min" : 0,
        "bw_max" : 0,
        "bw_agg" : 0.000000,
        "bw_mean" : 0.000000,
        "bw_dev" : 0.000000,
        "bw_samples" : 0,
        "iops_min" : 0,
        "iops_max" : 0,
        "iops_mean" : 0.000000,
        "iops_stddev" : 0.000000,
        "iops_samples" : 0
      },
      "write" : {
        "io_bytes" : 335568896,
        "io_kbytes" : 327704,
        "bw_bytes" : 33509975,
        "bw" : 32724,
        "iops" : 4090.573198,
        "runtime" : 10014,
        "total_ios" : 40963,
        "short_ios" : 0,
        "drop_ios" : 0,
        "slat_ns" : {
          "min" : 4100,
          "max" : 1142300,
          "mean" : 10721.756219,
          "stddev" : 14842.593298
        },
        "clat_ns" : {
          "min" : 34000,
          "max" : 57680800,
          "mean" : 1943686.968728,
          "stddev" : 8566564.815542,
          "percentile" : {
            "1.000000" : 84480,
            "5.000000" : 108032,
            "10.000000" : 123392,
            "20.000000" : 146432,
            "30.000000" : 166912,
            "40.000000" : 187392,
            "50.000000" : 209920,
            "60.000000" : 236544,
            "70.000000" : 272384,
            "80.000000" : 317440,
            "90.000000" : 403456,
            "95.000000" : 634880,
            "99.000000" : 42205184,
            "99.500000" : 56360960,
            "99.900000" : 57409536,
            "99.950000" : 57409536,
            "99.990000" : 57409536
          },
          "bins" : {
            "34048" : 1,
            "35584" : 1,
            "43264" : 1,
            "43776" : 1,
            "48896" : 1,
            "55552" : 2,
            "56576" : 2,
            "57088" : 1,
            "58624" : 1,
            "59648" : 2,
            "61184" : 2,
            "61696" : 3,
            "62208" : 2,
            "62720" : 1,
            "63232" : 1,
            "63744" : 2,
            "64256" : 3,
            "64768" : 3,
            "65280" : 4,
            "66048" : 4,
            "67072" : 6,
            "68096" : 10,
            "69120" : 11,
            "70144" : 9,
            "71168" : 6,
            "72192" : 16,
            "73216" : 11,
            "74240" : 20,
            "75264" : 24,
            "76288" : 19,
            "77312" : 20,
            "78336" : 23,
            "79360" : 35,
            "80384" : 20,
            "81408" : 25,
            "82432" : 40,
            "83456" : 44,
            "84480" : 35,
            "85504" : 42,
            "86528" : 48,
            "87552" : 54,
            "88576" : 60,
            "89600" : 55,
            "90624" : 62,
            "91648" : 48,
            "92672" : 73,
            "93696" : 79,
            "94720" : 65,
            "95744" : 74,
            "96768" : 56,
            "97792" : 79,
            "98816" : 86,
            "99840" : 79,
            "100864" : 70,
            "101888" : 95,
            "102912" : 89,
            "103936" : 90,
            "104960" : 88,
            "105984" : 111,
            "107008" : 126,
            "108032" : 126,
            "109056" : 113,
            "110080" : 99,
            "111104" : 143,
            "112128" : 114,
            "113152" : 137,
            "114176" : 159,
            "115200" : 136,
            "116224" : 128,
            "117248" : 144,
            "118272" : 134,
            "119296" : 170,
            "120320" : 164,
            "121344" : 137,
            "122368" : 148,
            "123392" : 168,
            "124416" : 154,
            "125440" : 157,
            "126464" : 151,
            "127488" : 161,
            "128512" : 196,
            "129536" : 150,
            "130560" : 178,
            "132096" : 347,
            "134144" : 346,
            "136192" : 388,
            "138240" : 352,
            "140288" : 388,
            "142336" : 352,
            "144384" : 406,
            "146432" : 433,
            "148480" : 429,
            "150528" : 372,
            "152576" : 387,
            "154624" : 482,
            "156672" : 393,
            "158720" : 409,
            "160768" : 424,
            "162816" : 438,
            "164864" : 405,
            "166912" : 402,
            "168960" : 434,
            "171008" : 372,
            "173056" : 413,
            "175104" : 453,
            "177152" : 389,
            "179200" : 435,
            "181248" : 405,
            "183296" : 439,
            "185344" : 429,
            "187392" : 447,
            "189440" : 359,
            "191488" : 402,
            "193536" : 375,
            "195584" : 370,
            "197632" : 373,
            "199680" : 388,
            "201728" : 352,
            "203776" : 343,
            "205824" : 350,
            "207872" : 384,
            "209920" : 332,
            "211968" : 327,
            "214016" : 346,
            "216064" : 316,
            "218112" : 324,
            "220160" : 293,
            "222208" : 331,
            "224256" : 294,
            "226304" : 311,
            "228352" : 291,
            "230400" : 307,
            "232448" : 279,
            "234496" : 286,
            "236544" : 232,
            "238592" : 283,
            "240640" : 286,
            "242688" : 271,
            "244736" : 286,
            "246784" : 257,
            "248832" : 250,
            "250880" : 238,
            "252928" : 275,
            "254976" : 211,
            "257024" : 221,
            "259072" : 226,
            "261120" : 255,
            "264192" : 439,
            "268288" : 416,
            "272384" : 432,
            "276480" : 377,
            "280576" : 376,
            "284672" : 394,
            "288768" : 399,
            "292864" : 401,
            "296960" : 368,
            "301056" : 375,
            "305152" : 321,
            "309248" : 288,
            "313344" : 324,
            "317440" : 238,
            "321536" : 271,
            "325632" : 322,
            "329728" : 271,
            "333824" : 269,
            "337920" : 225,
            "342016" : 240,
            "346112" : 243,
            "350208" : 194,
            "354304" : 214,