{
  "fio version" : "fio-3.12",
  "timestamp" : 1602017009,
  "timestamp_ms" : 1602017009157,
  "time" : "Tue Oct  6 20:43:29 2020",
  "global options" : {
    "filename" : "fio_data",
    "time_based" : "1",
    "ioengine" : "libaio",
    "direct" : "1",
    "directory" : "/mnt/resource"
  },
  "jobs" : [
    {
      "jobname" : "small_blocks_write",
      "groupid" : 0,
      "error" : 0,
      "eta" : 0,
      "elapsed" : 11,
      "job options" : {
        "name" : "small_blocks_write",
        "filesize" : "4G",
        "bs" : "8k",
        "runtime" : "10",
        "rw" : "write",
        "iodepth" : "8",
        "filename" : "small_blocks_write_data"
      },
      "read" : {
        "io_bytes" : 0,
        "io_kbytes" : 0,
        "bw_bytes" : 0,
        "bw" : 0,
        "iops" : 0.000000,
        "runtime" : 0,
        "total_ios" : 0,
        "short_ios" : 0,
        "drop_ios" : 0,
        "slat_ns" : {
          "min" : 0,
          "max" : 0,
          "mean" : 0.000000,
          "stddev" : 0.000000
        },
        "clat_ns" : {
          "min" : 0,
          "max" : 0,
          "mean" : 0.000000,
          "stddev" : 0.000000,
          "percentile" : {
            "1.000000" : 0,
            "5.000000" : 0,
            "10.000000" : 0,
            "20.000000" : 0,
            "30.000000" : 0,
            "40.000000" : 0,
            "50.000000" : 0,
            "60.000000" : 0,
            "70.000000" : 0,
            "80.000000" : 0,
            "90.000000" : 0,
            "95.000000" : 0,
            "99.000000" : 0,
            "99.500000" : 0,
            "99.900000" : 0,
            "99.950000" : 0,
            "99.990000" : 0
          },
          "bins" : {

          }
        },
        "lat_ns" : {
          "min" : 0,
          "max" : 0,
          "mean" : 0.000000,
          "stddev" : 0.000000
        },
        "bw_min" : 0,
        "bw_max" : 0,
        "bw_agg" : 0.000000,
        "bw_mean" : 0.000000,
        "bw_dev" : 0.000000,
        "bw_samples" : 0,
        "iops_min" : 0,
        "iops_max" : 0,
        "iops_mean" : 0.000000,
        "iops_stddev" : 0.000000,
        "iops_samples" : 0
      },
      "write" : {
        "io_bytes" : 334077952,
        "io_kbytes" : 326248,
        "bw_bytes" : 33404454,
        "bw" : 32621,
        "iops" : 4077.692231,
        "runtime" : 10001,
        "total_ios" : 40781,
        "short_ios" : 0,
        "drop_ios" : 0,
        "slat_ns" : {
          "min" : 4600,
          "max" : 958400,
          "mean" : 12382.974915,
          "stddev" : 16177.240148
        },
        "clat_ns" : {
          "min" : 41400,
          "max" : 57363500,
          "mean" : 1947912.106128,
          "stddev" : 8401961.313142,
          "percentile" : {
            "1.000000" : 86528,
            "5.000000" : 108032,
            "10.000000" : 123392,
            "20.000000" : 146432,
            "30.000000" : 168960,
            "40.000000" : 195584,
            "50.000000" : 230400,
            "60.000000" : 268288,
            "70.000000" : 317440,
            "80.000000" : 382976,
            "90.000000" : 501760,
            "95.000000" : 716800,
            "99.000000" : 41156608,
            "99.500000" : 55312384,
            "99.900000" : 56885248,
            "99.950000" : 56885248,
            "99.990000" : 57409536
          },
          "bins" : {
            "41216" : 1,
            "41728" : 1,
            "45312" : 1,
            "49408" : 1,
            "49920" : 1,
            "51456" : 1,
            "52480" : 1,
            "53504" : 1,
            "54016" : 1,
            "55040" : 1,
            "56064" : 1,
            "56576" : 1,
            "57088" : 1,
            "58112" : 1,
            "59136" : 2,
            "60672" : 1,
            "62208" : 1,
            "62720" : 3,
            "63232" : 2,
            "64256" : 2,
            "64768" : 3,
            "65280" : 2,
            "66048" : 4,
            "67072" : 7,
            "68096" : 3,
            "69120" : 5,
            "70144" : 8,
            "71168" : 11,
            "72192" : 16,
            "73216" : 10,
            "74240" : 12,
            "75264" : 12,
            "76288" : 10,
            "77312" : 15,
            "78336" : 12,
            "79360" : 18,
            "80384" : 24,
            "81408" : 25,
            "82432" : 34,
            "83456" : 25,
            "84480" : 32,
            "85504" : 54,
            "86528" : 48,
            "87552" : 35,
            "88576" : 36,
            "89600" : 46,
            "90624" : 49,
            "91648" : 54,
            "92672" : 53,
            "93696" : 68,
            "94720" : 72,
            "95744" : 74,
            "96768" : 75,
            "97792" : 83,
            "98816" : 70,
            "99840" : 83,
            "100864" : 85,
            "101888" : 91,
            "102912" : 112,
            "103936" : 79,
            "104960" : 105,
            "105984" : 107,
            "107008" : 148,
            "108032" : 122,
            "109056" : 102,
            "110080" : 128,
            "111104" : 141,
            "112128" : 113,
            "113152" : 117,
            "114176" : 137,
            "115200" : 158,
            "116224" : 125,
            "117248" : 122,
            "118272" : 137,
            "119296" : 166,
            "120320" : 163,
            "121344" : 146,
            "122368" : 158,
            "123392" : 168,
            "124416" : 148,
            "125440" : 163,
            "126464" : 142,
            "127488" : 168,
            "128512" : 204,
            "129536" : 204,
            "130560" : 175,
            "132096" : 368,
            "134144" : 330,
            "136192" : 371,
            "138240" : 361,
            "140288" : 353,
            "142336" : 356,
            "144384" : 388,
            "146432" : 385,
            "148480" : 352,
            "150528" : 377,
            "152576" : 351,
            "154624" : 427,
            "156672" : 371,
            "158720" : 359,
            "160768" : 351,
            "162816" : 388,
            "164864" : 392,
            "166912" : 331,
            "168960" : 331,
            "171008" : 360,
            "173056" : 322,
            "175104" : 341,
            "177152" : 308,
            "179200" : 357,
            "181248" : 328,
            "183296" : 307,
            "185344" : 346,
            "187392" : 321,
            "189440" : 309,
            "191488" : 316,
            "193536" : 261,
            "195584" : 291,
            "197632" : 271,
            "199680" : 248,
            "201728" : 279,
            "203776" : 265,
            "205824" : 252,
            "207872" : 249,
            "209920" : 251,
            "211968" : 221,
            "214016" : 258,
            "216064" : 207,
            "218112" : 241,
            "220160" : 219,
            "222208" : 235,
            "224256" : 226,
            "226304" : 244,
            "228352" : 239,
            "230400" : 232,
            "232448" : 230,
            "234496" : 226,
            "236544" : 202,
            "238592" : 221,
            "240640" : 221,
            "242688" : 215,
            "244736" : 190,
            "246784" : 199,
            "248832" : 216,
            "250880" : 195,
            "252928" : 190,
            "254976" : 230,
            "257024" : 216,
            "259072" : 203,
            "261120" : 209,
            "264192" : 357,
            "268288" : 388,
            "272384" : 409,
            "276480" : 391,
            "280576" : 390,
            "284672" : 424,
            "288768" : 324,
            "292864" : 372,
            "296960" : 343,
            "301056" : 348,
            "305152" : 310,
            "309248" : 291,
            "313344" : 341,
            "317440" : 274,
            "321536" : 257,
            "325632" : 280,
            "329728" : 289,
            "333824" : 283,
            "337920" : 273,