{
  "fio version" : "fio-3.12",
  "timestamp" : 1601930033,
  "timestamp_ms" : 1601930033625,
  "time" : "Mon Oct  5 20:33:53 2020",
  "global options" : {
    "time_based" : "1",
    "ioengine" : "libaio",
    "direct" : "1",
    "directory" : "/mnt/resource"
  },
  "jobs" : [
    {
      "jobname" : "small_blocks_write",
      "groupid" : 0,
      "error" : 0,
      "eta" : 0,
      "elapsed" : 11,
      "job options" : {
        "name" : "small_blocks_write",
        "filesize" : "1G",
        "bs" : "8k",
        "runtime" : "10",
        "rw" : "write",
        "iodepth" : "8",
        "filename" : "small_blocks_write_data"
      },
      "read" : {
        "io_bytes" : 0,
        "io_kbytes" : 0,
        "bw_bytes" : 0,
        "bw" : 0,
        "iops" : 0.000000,
        "runtime" : 0,
        "total_ios" : 0,
        "short_ios" : 0,
        "drop_ios" : 0,
        "slat_ns" : {
          "min" : 0,
          "max" : 0,
          "mean" : 0.000000,
          "stddev" : 0.000000
        },
        "clat_ns" : {
          "min" : 0,
          "max" : 0,
          "mean" : 0.000000,
          "stddev" : 0.000000,
          "percentile" : {
            "1.000000" : 0,
            "5.000000" : 0,
            "10.000000" : 0,
            "20.000000" : 0,
            "30.000000" : 0,
            "40.000000" : 0,
            "50.000000" : 0,
            "60.000000" : 0,
            "70.000000" : 0,
            "80.000000" : 0,
            "90.000000" : 0,
            "95.000000" : 0,
            "99.000000" : 0,
            "99.500000" : 0,
            "99.900000" : 0,
            "99.950000" : 0,
            "99.990000" : 0
          },
          "bins" : {

          }
        },
        "lat_ns" : {
          "min" : 0,
          "max" : 0,
          "mean" : 0.000000,
          "stddev" : 0.000000
        },
        "bw_min" : 0,
        "bw_max" : 0,
        "bw_agg" : 0.000000,
        "bw_mean" : 0.000000,
        "bw_dev" : 0.000000,
        "bw_samples" : 0,
        "iops_min" : 0,
        "iops_max" : 0,
        "iops_mean" : 0.000000,
        "iops_stddev" : 0.000000,
        "iops_samples" : 0
      },
      "write" : {
        "io_bytes" : 335888384,
        "io_kbytes" : 328016,
        "bw_bytes" : 33478359,
        "bw" : 32693,
        "iops" : 4086.713844,
        "runtime" : 10033,
        "total_ios" : 41002,
        "short_ios" : 0,
        "drop_ios" : 0,
        "slat_ns" : {
          "min" : 5100,
          "max" : 374000,
          "mean" : 13898.280572,
          "stddev" : 15916.683737
        },
        "clat_ns" : {
          "min" : 47300,
          "max" : 56506600,
          "mean" : 1938279.996098,
          "stddev" : 8189104.953222,
          "percentile" : {
            "1.000000" : 100864,
            "5.000000" : 127488,
            "10.000000" : 148480,
            "20.000000" : 177152,
            "30.000000" : 203776,
            "40.000000" : 232448,
            "50.000000" : 264192,
            "60.000000" : 305152,
            "70.000000" : 350208,
            "80.000000" : 419840,
            "90.000000" : 561152,
            "95.000000" : 806912,
            "99.000000" : 40632320,
            "99.500000" : 54263808,
            "99.900000" : 55836672,
            "99.950000" : 55836672,
            "99.990000" : 56360960
          },
          "bins" : {
            "47360" : 1,
            "59136" : 1,
            "60160" : 1,
            "60672" : 1,
            "62208" : 1,
            "64256" : 1,
            "64768" : 1,
            "66048" : 2,
            "67072" : 1,
            "69120" : 4,
            "71168" : 2,
            "72192" : 3,
            "73216" : 1,
            "74240" : 3,
            "75264" : 6,
            "76288" : 6,
            "77312" : 7,
            "78336" : 6,
            "79360" : 1,
            "80384" : 3,
            "81408" : 9,
            "82432" : 12,
            "83456" : 13,
            "84480" : 13,
            "85504" : 8,
            "86528" : 15,
            "87552" : 13,
            "88576" : 16,
            "89600" : 23,
            "90624" : 18,
            "91648" : 9,
            "92672" : 16,
            "93696" : 19,
            "94720" : 25,
            "95744" : 24,
            "96768" : 25,
            "97792" : 27,
            "98816" : 35,
            "99840" : 24,
            "100864" : 40,
            "101888" : 35,
            "102912" : 56,
            "103936" : 38,
            "104960" : 47,
            "105984" : 31,
            "107008" : 46,
            "108032" : 46,
            "109056" : 60,
            "110080" : 49,
            "111104" : 55,
            "112128" : 54,
            "113152" : 64,
            "114176" : 61,
            "115200" : 72,
            "116224" : 81,
            "117248" : 76,
            "118272" : 75,
            "119296" : 64,
            "120320" : 82,
            "121344" : 63,
            "122368" : 72,
            "123392" : 95,
            "124416" : 73,
            "125440" : 79,
            "126464" : 79,
            "127488" : 83,
            "128512" : 92,
            "129536" : 82,
            "130560" : 95,
            "132096" : 206,
            "134144" : 202,
            "136192" : 197,
            "138240" : 217,
            "140288" : 229,
            "142336" : 217,
            "144384" : 229,
            "146432" : 249,
            "148480" : 251,
            "150528" : 236,
            "152576" : 257,
            "154624" : 263,
            "156672" : 228,
            "158720" : 303,
            "160768" : 272,
            "162816" : 278,
            "164864" : 303,
            "166912" : 296,
            "168960" : 283,
            "171008" : 305,
            "173056" : 308,
            "175104" : 332,
            "177152" : 317,
            "179200" : 310,
            "181248" : 312,
            "183296" : 347,
            "185344" : 322,
            "187392" : 334,
            "189440" : 320,
            "191488" : 299,
            "193536" : 320,
            "195584" : 309,
            "197632" : 295,
            "199680" : 326,
            "201728" : 326,
            "203776" : 294,
            "205824" : 319,
            "207872" : 286,
            "209920" : 288,
            "211968" : 306,
            "214016" : 324,
            "216064" : 264,
            "218112" : 268,
            "220160" : 272,
            "222208" : 301,
            "224256" : 278,
            "226304" : 289,
            "228352" : 249,
            "230400" : 306,
            "232448" : 264,
            "234496" : 296,
            "236544" : 266,
            "238592" : 281,
            "240640" : 229,
            "242688" : 277,
            "244736" : 246,
            "246784" : 250,
            "248832" : 259,
            "250880" : 260,
            "252928" : 251,
            "254976" : 208,
            "257024" : 255,
            "259072" : 269,
            "261120" : 272,
            "264192" : 497,
            "268288" : 457,
            "272384" : 481,
            "276480" : 470,
            "280576" : 495,
            "284672" : 448,
            "288768" : 426,
            "292864" : 429,
            "296960" : 427,
            "301056" : 398,
            "305152" : 328,
            "309248" : 393,
            "313344" : 401,
            "317440" : 383,
            "321536" : 361,
            "325632" : 361,
            "329728" : 353,
            "333824" : 355,
            "337920" : 326,
            "342016" : 333,
            "346112" : 318,
            "350208" : 315,
            "354304" : 303,
            "358400" : 300,
            "362496" : 272,
            "366592" : 257,
            "370688" : 268,
            "374784" : 253,
            "378880" : 256,
            "382976" : 243,
            "387072" : 238,
            "391168" : 223,
            "395264" : 227,
            "399360" : 237,
            "403456" : 206,
            "407552" : 201,
            "411648" : 191,